iter	RMSE
0	5.340893064
1	5.048362333
2	5.388490254
3	5.13906734
4	5.19776985855	4.78902100266	5.26432873277	4.94972098688	5.04577213299	4.618270392110	5.141297078111	4.779478532112	4.816755951313	4.214749214	14	4.948074715	15	4.517157616	16	4.544980317	17	3.868046518	18	4.7660319	4.19	4.2353020	4.20	4.1701821	3.21	3.3030822	4.22	4.4653623	423	3.868513101

