iter	RMSE
0	7.669654521
1	7.417351057
2	7.189151522
3	6.992714239
4	6.830658825
5	6.696109883
6	6.585029147
7	6.484490565
8	6.402254101
